Post ID,Title,Url,Author,Score,Publish Date,Upvote Ratio,Total No. of Top Comments,Total No. of Comments,Flair
musevq,DOGECOIN DAILY DISCUSSION - 20th April,https://www.reddit.com/r/dogecoin/comments/musevq/dogecoin_daily_discussion_20th_april/,42points,2096,2021-04-20 19:07:02,0.95,497,877,<praw.models.reddit.submission.SubmissionFlair object at 0x7fd4a49a9710>
mu31c0,DOGECOIN DAILY DISCUSSION - 19th April,https://www.reddit.com/r/dogecoin/comments/mu31c0/dogecoin_daily_discussion_19th_april/,42points,2845,2021-04-19 19:25:45,0.96,491,899,<praw.models.reddit.submission.SubmissionFlair object at 0x7fd4a4b32b00>
ms0d0r,DOGECOIN DAILY DISCUSSION - 16th April,https://www.reddit.com/r/dogecoin/comments/ms0d0r/dogecoin_daily_discussion_16th_april/,42points,3004,2021-04-16 14:28:36,0.96,494,889,<praw.models.reddit.submission.SubmissionFlair object at 0x7fd4a1f2a7f0>
mrb62m,DOGECOIN DAILY DISCUSSION - 15th April,https://www.reddit.com/r/dogecoin/comments/mrb62m/dogecoin_daily_discussion_15th_april/,42points,2562,2021-04-15 13:23:44,0.97,487,892,<praw.models.reddit.submission.SubmissionFlair object at 0x7fd4a5b47400>
mtbinf,DOGECOIN DAILY DISCUSSION - 17th April,https://www.reddit.com/r/dogecoin/comments/mtbinf/dogecoin_daily_discussion_17th_april/,42points,1524,2021-04-18 16:01:32,0.96,487,880,<praw.models.reddit.submission.SubmissionFlair object at 0x7fd4a5d24cf8>
mw0i8g,DOGECOIN DAILY DISCUSSION - 22nd April,https://www.reddit.com/r/dogecoin/comments/mw0i8g/dogecoin_daily_discussion_22nd_april/,42points,1075,2021-04-22 12:47:45,0.94,486,861,<praw.models.reddit.submission.SubmissionFlair object at 0x7fd4a4a0b9e8>
msowv4,DOGECOIN DAILY DISCUSSION - 17th April,https://www.reddit.com/r/dogecoin/comments/msowv4/dogecoin_daily_discussion_17th_april/,42points,1272,2021-04-17 15:18:38,0.95,487,861,<praw.models.reddit.submission.SubmissionFlair object at 0x7fd4a1f6d748>
mwsek9,DOGECOIN DAILY DISCUSSION - 23rd April. MODS!,https://www.reddit.com/r/dogecoin/comments/mwsek9/dogecoin_daily_discussion_23rd_april_mods/,42points,1418,2021-04-23 14:38:53,0.96,476,839,<praw.models.reddit.submission.SubmissionFlair object at 0x7fd4a4d392e8>
mvkrw9,DOGECOIN DAILY DISCUSSION - 20st April,https://www.reddit.com/r/dogecoin/comments/mvkrw9/dogecoin_daily_discussion_20st_april/,42points,789,2021-04-21 21:29:40,0.94,417,833,<praw.models.reddit.submission.SubmissionFlair object at 0x7fd4a5b9cba8>
mxhcup,DOGECOIN DAILY DISCUSSION - 24th April.,https://www.reddit.com/r/dogecoin/comments/mxhcup/dogecoin_daily_discussion_24th_april/,42points,722,2021-04-24 14:33:36,0.96,447,809,<praw.models.reddit.submission.SubmissionFlair object at 0x7fd4a69acda0>
my5kcq,DOGECOIN DAILY DISCUSSION - 25th April.,https://www.reddit.com/r/dogecoin/comments/my5kcq/dogecoin_daily_discussion_25th_april/,42points,571,2021-04-25 14:26:33,0.96,417,791,<praw.models.reddit.submission.SubmissionFlair object at 0x7fd4a5c273c8>
myt4kq,DOGECOIN DAILY DISCUSSION - 26th April.,https://www.reddit.com/r/dogecoin/comments/myt4kq/dogecoin_daily_discussion_26th_april/,42points,542,2021-04-26 12:43:21,0.96,406,787,<praw.models.reddit.submission.SubmissionFlair object at 0x7fd4a6cbe9b0>
mpyxzl,DOGECOIN DAILY DISCUSSION - 13th April,https://www.reddit.com/r/dogecoin/comments/mpyxzl/dogecoin_daily_discussion_13th_april/,42points,1139,2021-04-13 13:43:07,0.98,429,821,<praw.models.reddit.submission.SubmissionFlair object at 0x7fd4a6ea6160>
mqo3ny,DOGECOIN DAILY DISCUSSION - 14th April,https://www.reddit.com/r/dogecoin/comments/mqo3ny/dogecoin_daily_discussion_14th_april/,42points,881,2021-04-14 14:55:08,0.97,472,830,<praw.models.reddit.submission.SubmissionFlair object at 0x7fd4a7355c88>
l79l0p,MEGATHRED - Dogecoin Daily discussion,https://www.reddit.com/r/dogecoin/comments/l79l0p/megathred_dogecoin_daily_discussion/,42points,33368,2021-01-29 00:34:55,0.92,388,847,<praw.models.reddit.submission.SubmissionFlair object at 0x7fd4a72333c8>
mzkp2w,DOGECOIN DAILY DISCUSSION - 27th April.,https://www.reddit.com/r/dogecoin/comments/mzkp2w/dogecoin_daily_discussion_27th_april/,42points,292,2021-04-27 13:38:01,0.98,273,690,<praw.models.reddit.submission.SubmissionFlair object at 0x7fd4a73965f8>
mooywl,DOGECOIN DAILY DISCUSSION - 11th April,https://www.reddit.com/r/dogecoin/comments/mooywl/dogecoin_daily_discussion_11th_april/,42points,311,2021-04-11 14:56:56,0.99,340,676,<praw.models.reddit.submission.SubmissionFlair object at 0x7fd4a6e9f6a0>
lc2xmk,DOGECOIN DAILY DISCUSSION - PUMP AND DUMP 101,https://www.reddit.com/r/dogecoin/comments/lc2xmk/dogecoin_daily_discussion_pump_and_dump_101/,42points,4421,2021-02-04 03:35:33,0.95,484,824,<praw.models.reddit.submission.SubmissionFlair object at 0x7fd4a7762160>
ml7n9w,DOGECOIN DAILY DISCUSSION - 6th April,https://www.reddit.com/r/dogecoin/comments/ml7n9w/dogecoin_daily_discussion_6th_april/,42points,222,2021-04-06 13:21:35,0.99,361,630,<praw.models.reddit.submission.SubmissionFlair object at 0x7fd4a68a7198>
ledqv4,DOGECOIN DAILY DISCUSSION - All the things!,https://www.reddit.com/r/dogecoin/comments/ledqv4/dogecoin_daily_discussion_all_the_things/,42points,3045,2021-02-07 05:58:12,0.98,479,830,<praw.models.reddit.submission.SubmissionFlair object at 0x7fd4a8385dd8>
mhr3ht,DOGECOIN DAILY DISCUSSION - 1st April,https://www.reddit.com/r/dogecoin/comments/mhr3ht/dogecoin_daily_discussion_1st_april/,42points,199,2021-04-01 12:49:19,0.94,385,660,<praw.models.reddit.submission.SubmissionFlair object at 0x7fd4a6f5fe48>
lf66ed,DOGECOIN DAILY DISCUSSION - Such Traffic!,https://www.reddit.com/r/dogecoin/comments/lf66ed/dogecoin_daily_discussion_such_traffic/,42points,2966,2021-02-08 09:51:14,0.98,474,827,<praw.models.reddit.submission.SubmissionFlair object at 0x7fd4a7c38ef0>
mp9v2y,DOGECOIN DAILY DISCUSSION - 12th April,https://www.reddit.com/r/dogecoin/comments/mp9v2y/dogecoin_daily_discussion_12th_april/,42points,146,2021-04-12 12:53:18,0.99,252,600,<praw.models.reddit.submission.SubmissionFlair object at 0x7fd4a82b4c50>
lfxvc2,DOGECOIN DAILY DISCUSSION - Smart Doge! (Feb 9th),https://www.reddit.com/r/dogecoin/comments/lfxvc2/dogecoin_daily_discussion_smart_doge_feb_9th/,42points,2200,2021-02-09 11:11:57,0.98,483,830,<praw.models.reddit.submission.SubmissionFlair object at 0x7fd4a87e05f8>
mo20gc,DOGECOIN DAILY DISCUSSION - 10th April,https://www.reddit.com/r/dogecoin/comments/mo20gc/dogecoin_daily_discussion_10th_april/,42points,132,2021-04-10 14:09:20,0.97,324,582,<praw.models.reddit.submission.SubmissionFlair object at 0x7fd4a9c29a90>
ljlo39,DOGECOIN DAILY DISCUSSION - Long! (Feb 14th),https://www.reddit.com/r/dogecoin/comments/ljlo39/dogecoin_daily_discussion_long_feb_14th/,42points,1074,2021-02-14 12:52:52,0.96,452,794,<praw.models.reddit.submission.SubmissionFlair object at 0x7fd4a9bc8a90>
ldp6yo,DOGECOIN DAILY DISCUSSION. Such meme!,https://www.reddit.com/r/dogecoin/comments/ldp6yo/dogecoin_daily_discussion_such_meme/,42points,2119,2021-02-06 06:47:11,0.98,429,773,<praw.models.reddit.submission.SubmissionFlair object at 0x7fd4a820cc88>
lhew3j,DOGECOIN DAILY DISCUSSION - Spend! (Feb 10th),https://www.reddit.com/r/dogecoin/comments/lhew3j/dogecoin_daily_discussion_spend_feb_10th/,42points,950,2021-02-11 09:41:09,0.96,473,808,<praw.models.reddit.submission.SubmissionFlair object at 0x7fd4a9cfd630>
mlylaq,DOGECOIN DAILY DISCUSSION - 7th April,https://www.reddit.com/r/dogecoin/comments/mlylaq/dogecoin_daily_discussion_7th_april/,42points,102,2021-04-07 13:50:01,0.97,183,513,<praw.models.reddit.submission.SubmissionFlair object at 0x7fd4aa85edd8>
lgnq76,DOGECOIN DAILY DISCUSSION - Catch up (Feb 10th),https://www.reddit.com/r/dogecoin/comments/lgnq76/dogecoin_daily_discussion_catch_up_feb_10th/,42points,1147,2021-02-10 09:29:14,0.97,452,775,<praw.models.reddit.submission.SubmissionFlair object at 0x7fd4a9b255f8>
lcyyee,DOGECOIN DAILY DISCUSSION - Be kind. Be excellent.,https://www.reddit.com/r/dogecoin/comments/lcyyee/dogecoin_daily_discussion_be_kind_be_excellent/,42points,2206,2021-02-05 07:03:39,0.98,445,772,<praw.models.reddit.submission.SubmissionFlair object at 0x7fd4a7a65f60>
mndg3f,DOGECOIN DAILY DISCUSSION - 9th April,https://www.reddit.com/r/dogecoin/comments/mndg3f/dogecoin_daily_discussion_9th_april/,42points,93,2021-04-09 13:23:53,1.0,114,419,<praw.models.reddit.submission.SubmissionFlair object at 0x7fd4aaaea3c8>
m42q76,DOGECOIN DAILY DISCUSSION - 13th March,https://www.reddit.com/r/dogecoin/comments/m42q76/dogecoin_daily_discussion_13th_march/,42points,269,2021-03-13 12:05:10,0.96,392,691,<praw.models.reddit.submission.SubmissionFlair object at 0x7fd4aad2c748>
lbc6w8,MEGATHREAD. DOGECOIN DAILY DISCUSSION. Keep your coins safe!,https://www.reddit.com/r/dogecoin/comments/lbc6w8/megathread_dogecoin_daily_discussion_keep_your/,42points,2549,2021-02-03 04:30:19,0.99,463,701,<praw.models.reddit.submission.SubmissionFlair object at 0x7fd4aaf551d0>
lkaexc,DOGECOIN DAILY DISCUSSION - (Feb 15th),https://www.reddit.com/r/dogecoin/comments/lkaexc/dogecoin_daily_discussion_feb_15th/,42points,688,2021-02-15 12:47:42,0.96,386,767,<praw.models.reddit.submission.SubmissionFlair object at 0x7fd4aac6b278>
mmqpq1,DOGECOIN DAILY DISCUSSION - 8th April,https://www.reddit.com/r/dogecoin/comments/mmqpq1/dogecoin_daily_discussion_8th_april/,42points,98,2021-04-08 16:29:49,1.0,107,389,<praw.models.reddit.submission.SubmissionFlair object at 0x7fd4abc36208>
mih30c,DOGECOIN DAILY DISCUSSION - 2nd April,https://www.reddit.com/r/dogecoin/comments/mih30c/dogecoin_daily_discussion_2nd_april/,42points,111,2021-04-02 13:52:48,0.97,150,475,<praw.models.reddit.submission.SubmissionFlair object at 0x7fd4abddc5f8>
li8kff,DOGECOIN DAILY DISCUSSION - Shop! (Feb 12th),https://www.reddit.com/r/dogecoin/comments/li8kff/dogecoin_daily_discussion_shop_feb_12th/,42points,700,2021-02-12 13:38:42,0.98,445,758,<praw.models.reddit.submission.SubmissionFlair object at 0x7fd4abde5dd8>
liyuwj,DOGECOIN DAILY DISCUSSION - Thanks! (Feb 13th),https://www.reddit.com/r/dogecoin/comments/liyuwj/dogecoin_daily_discussion_thanks_feb_13th/,42points,769,2021-02-13 14:25:54,0.97,387,736,<praw.models.reddit.submission.SubmissionFlair object at 0x7fd48c6a10b8>
lkyx7z,DOGECOIN DAILY DISCUSSION - (Feb 16th),https://www.reddit.com/r/dogecoin/comments/lkyx7z/dogecoin_daily_discussion_feb_16th/,42points,468,2021-02-16 10:43:41,0.97,361,745,<praw.models.reddit.submission.SubmissionFlair object at 0x7fd48d298748>
llqicz,DOGECOIN DAILY DISCUSSION - Reporting (Feb 17th),https://www.reddit.com/r/dogecoin/comments/llqicz/dogecoin_daily_discussion_reporting_feb_17th/,42points,430,2021-02-17 12:22:21,0.95,414,729,<praw.models.reddit.submission.SubmissionFlair object at 0x7fd48d1d54e0>
m0ce5e,DOGECOIN DAILY DISCUSSION - 8th March,https://www.reddit.com/r/dogecoin/comments/m0ce5e/dogecoin_daily_discussion_8th_march/,42points,296,2021-03-08 12:48:02,0.96,386,671,<praw.models.reddit.submission.SubmissionFlair object at 0x7fd48d17d0b8>
mcbvqh,DOGECOIN DAILY DISCUSSION - 24th March,https://www.reddit.com/r/dogecoin/comments/mcbvqh/dogecoin_daily_discussion_24th_march/,42points,141,2021-03-24 21:47:04,0.96,223,560,<praw.models.reddit.submission.SubmissionFlair object at 0x7fd48d27dda0>
m4s5ac,DOGECOIN DAILY DISCUSSION - 14th March,https://www.reddit.com/r/dogecoin/comments/m4s5ac/dogecoin_daily_discussion_14th_march/,42points,170,2021-03-14 13:34:10,0.97,266,625,<praw.models.reddit.submission.SubmissionFlair object at 0x7fd48d655160>
mkiu52,DOGECOIN DAILY DISCUSSION - 5th April,https://www.reddit.com/r/dogecoin/comments/mkiu52/dogecoin_daily_discussion_5th_april/,42points,76,2021-04-05 15:51:04,0.97,121,355,<praw.models.reddit.submission.SubmissionFlair object at 0x7fd48d7c63c8>
lmjv22,DOGECOIN DAILY DISCUSSION - (Feb 18th),https://www.reddit.com/r/dogecoin/comments/lmjv22/dogecoin_daily_discussion_feb_18th/,42points,356,2021-02-18 13:36:31,0.94,445,720,<praw.models.reddit.submission.SubmissionFlair object at 0x7fd48d940550>
m8ddb5,DOGECOIN DAILY DISCUSSION - 19th March,https://www.reddit.com/r/dogecoin/comments/m8ddb5/dogecoin_daily_discussion_19th_march/,42points,129,2021-03-19 13:19:50,0.95,223,582,<praw.models.reddit.submission.SubmissionFlair object at 0x7fd48dad5fd0>
majxrg,DOGECOIN DAILY DISCUSSION - 22nd March,https://www.reddit.com/r/dogecoin/comments/majxrg/dogecoin_daily_discussion_22nd_march/,42points,113,2021-03-22 14:07:09,0.97,195,493,<praw.models.reddit.submission.SubmissionFlair object at 0x7fd48dc877f0>
m13sf2,DOGECOIN DAILY DISCUSSION - 9th March,https://www.reddit.com/r/dogecoin/comments/m13sf2/dogecoin_daily_discussion_9th_march/,42points,190,2021-03-09 13:32:19,0.96,273,540,<praw.models.reddit.submission.SubmissionFlair object at 0x7fd48dda8630>
mbaab5,DOGECOIN DAILY DISCUSSION - 23rd March,https://www.reddit.com/r/dogecoin/comments/mbaab5/dogecoin_daily_discussion_23rd_march/,42points,105,2021-03-23 12:46:57,0.92,179,521,<praw.models.reddit.submission.SubmissionFlair object at 0x7fd48de9bf60>
lnbt5a,DOGECOIN DAILY DISCUSSION - (Feb 19th),https://www.reddit.com/r/dogecoin/comments/lnbt5a/dogecoin_daily_discussion_feb_19th/,42points,289,2021-02-19 12:29:31,0.95,353,692,<praw.models.reddit.submission.SubmissionFlair object at 0x7fd48e8be828>
m94kuo,DOGECOIN DAILY DISCUSSION - 20th March,https://www.reddit.com/r/dogecoin/comments/m94kuo/dogecoin_daily_discussion_20th_march/,42points,108,2021-03-20 14:45:55,0.97,200,539,<praw.models.reddit.submission.SubmissionFlair object at 0x7fd48eb5cb38>
lzmqdc,DOGECOIN DAILY DISCUSSION - 7th March,https://www.reddit.com/r/dogecoin/comments/lzmqdc/dogecoin_daily_discussion_7th_march/,42points,227,2021-03-07 11:47:05,0.97,340,653,<praw.models.reddit.submission.SubmissionFlair object at 0x7fd48ec49208>
m6x2kr,DOGECOIN DAILY DISCUSSION - 17th March,https://www.reddit.com/r/dogecoin/comments/m6x2kr/dogecoin_daily_discussion_17th_march/,42points,141,2021-03-17 14:06:50,0.96,234,592,<praw.models.reddit.submission.SubmissionFlair object at 0x7fd48ec79978>
los7xa,DOGECOIN DAILY DISCUSSION - (Feb 21th),https://www.reddit.com/r/dogecoin/comments/los7xa/dogecoin_daily_discussion_feb_21th/,42points,332,2021-02-21 10:58:43,0.95,361,633,<praw.models.reddit.submission.SubmissionFlair object at 0x7fd48dcdb940>
mgbl4t,DOGECOIN DAILY DISCUSSION - 30th March,https://www.reddit.com/r/dogecoin/comments/mgbl4t/dogecoin_daily_discussion_30th_march/,42points,66,2021-03-30 12:55:39,0.91,102,336,<praw.models.reddit.submission.SubmissionFlair object at 0x7fd48f0d5668>
mjt1lr,DOGECOIN DAILY DISCUSSION - 4th April,https://www.reddit.com/r/dogecoin/comments/mjt1lr/dogecoin_daily_discussion_4th_april/,42points,64,2021-04-04 13:31:48,0.94,88,302,<praw.models.reddit.submission.SubmissionFlair object at 0x7fd48f2c6780>
mj4zmb,DOGECOIN DAILY DISCUSSION - 3rd April,https://www.reddit.com/r/dogecoin/comments/mj4zmb/dogecoin_daily_discussion_3rd_april/,42points,55,2021-04-03 13:09:05,0.93,110,337,<praw.models.reddit.submission.SubmissionFlair object at 0x7fd48f3be630>
m7ph0q,DOGECOIN DAILY DISCUSSION - 18th March,https://www.reddit.com/r/dogecoin/comments/m7ph0q/dogecoin_daily_discussion_18th_march/,42points,125,2021-03-18 16:13:34,0.95,197,519,<praw.models.reddit.submission.SubmissionFlair object at 0x7fd48f261518>
mh242k,DOGECOIN DAILY DISCUSSION - 31th March,https://www.reddit.com/r/dogecoin/comments/mh242k/dogecoin_daily_discussion_31th_march/,42points,69,2021-03-31 13:10:57,0.98,87,276,<praw.models.reddit.submission.SubmissionFlair object at 0x7fd48f67ccc0>
m64img,DOGECOIN DAILY DISCUSSION - 16th March,https://www.reddit.com/r/dogecoin/comments/m64img/dogecoin_daily_discussion_16th_march/,42points,142,2021-03-16 12:44:17,0.98,184,510,<praw.models.reddit.submission.SubmissionFlair object at 0x7fd48f5ac5f8>
m2mj5y,DOGECOIN DAILY DISCUSSION - 11th March,https://www.reddit.com/r/dogecoin/comments/m2mj5y/dogecoin_daily_discussion_11th_march/,42points,137,2021-03-11 12:38:33,0.97,231,520,<praw.models.reddit.submission.SubmissionFlair object at 0x7fd48f793b38>
lo3dql,DOGECOIN DAILY DISCUSSION - (Feb 20th),https://www.reddit.com/r/dogecoin/comments/lo3dql/dogecoin_daily_discussion_feb_20th/,42points,217,2021-02-20 12:10:38,0.94,279,664,<praw.models.reddit.submission.SubmissionFlair object at 0x7fd4908b2048>
m3e8am,DOGECOIN DAILY DISCUSSION - 12th March,https://www.reddit.com/r/dogecoin/comments/m3e8am/dogecoin_daily_discussion_12th_march/,42points,142,2021-03-12 12:38:48,0.97,153,509,<praw.models.reddit.submission.SubmissionFlair object at 0x7fd490a57f60>
mflx9u,DOGECOIN DAILY DISCUSSION - 29th March,https://www.reddit.com/r/dogecoin/comments/mflx9u/dogecoin_daily_discussion_29th_march/,42points,82,2021-03-29 13:48:18,0.97,79,231,<praw.models.reddit.submission.SubmissionFlair object at 0x7fd490af6128>
mdkgkf,DOGECOIN DAILY DISCUSSION - 26th March,https://www.reddit.com/r/dogecoin/comments/mdkgkf/dogecoin_daily_discussion_26th_march/,42points,93,2021-03-26 13:01:43,1.0,103,304,<praw.models.reddit.submission.SubmissionFlair object at 0x7fd490e2f048>
meambw,DOGECOIN DAILY DISCUSSION - 27th March,https://www.reddit.com/r/dogecoin/comments/meambw/dogecoin_daily_discussion_27th_march/,42points,79,2021-03-27 13:42:30,0.95,80,275,<praw.models.reddit.submission.SubmissionFlair object at 0x7fd490f5df98>
m1vh6n,DOGECOIN DAILY DISCUSSION - 10th March,https://www.reddit.com/r/dogecoin/comments/m1vh6n/dogecoin_daily_discussion_10th_march/,42points,161,2021-03-10 14:29:10,0.96,240,530,<praw.models.reddit.submission.SubmissionFlair object at 0x7fd490eea4e0>
m5gz5k,DOGECOIN DAILY DISCUSSION - 15th March,https://www.reddit.com/r/dogecoin/comments/m5gz5k/dogecoin_daily_discussion_15th_march/,42points,120,2021-03-15 13:34:31,0.98,224,512,<praw.models.reddit.submission.SubmissionFlair object at 0x7fd491080128>
lxgcnx,DOGECOIN DAILY DISCUSSION. 4th March,https://www.reddit.com/r/dogecoin/comments/lxgcnx/dogecoin_daily_discussion_4th_march/,42points,174,2021-03-04 11:56:23,0.99,215,562,<praw.models.reddit.submission.SubmissionFlair object at 0x7fd491329828>
m9th5y,DOGECOIN DAILY DISCUSSION - 21st March,https://www.reddit.com/r/dogecoin/comments/m9th5y/dogecoin_daily_discussion_21st_march/,42points,105,2021-03-21 13:57:01,0.97,143,453,<praw.models.reddit.submission.SubmissionFlair object at 0x7fd491291080>
ly7hfa,DOGECOIN DAILY DISCUSSION. 5th March,https://www.reddit.com/r/dogecoin/comments/ly7hfa/dogecoin_daily_discussion_5th_march/,42points,147,2021-03-05 11:28:32,0.94,183,479,<praw.models.reddit.submission.SubmissionFlair object at 0x7fd4910fe4e0>
lyxdwr,DOGECOIN DAILY DISCUSSION - 6th March,https://www.reddit.com/r/dogecoin/comments/lyxdwr/dogecoin_daily_discussion_6th_march/,42points,151,2021-03-06 11:28:07,0.99,148,424,<praw.models.reddit.submission.SubmissionFlair object at 0x7fd4911a2748>
md45bb,DOGECOIN DAILY DISCUSSION - 25th March,https://www.reddit.com/r/dogecoin/comments/md45bb/dogecoin_daily_discussion_25th_march/,42points,78,2021-03-25 21:53:02,0.98,75,194,<praw.models.reddit.submission.SubmissionFlair object at 0x7fd49102d748>
meyluj,DOGECOIN DAILY DISCUSSION - 28th March,https://www.reddit.com/r/dogecoin/comments/meyluj/dogecoin_daily_discussion_28th_march/,42points,50,2021-03-28 14:03:02,0.95,55,153,<praw.models.reddit.submission.SubmissionFlair object at 0x7fd4911127b8>
l87icv,MEGA THREAD - Daily Dogecoin Discussion.,https://www.reddit.com/r/dogecoin/comments/l87icv/mega_thread_daily_dogecoin_discussion/,42points,7941,2021-01-30 02:19:04,0.97,430,825,<praw.models.reddit.submission.SubmissionFlair object at 0x7fd4920d7198>
lvagu9,Daily Dogecoin Discussion.,https://www.reddit.com/r/dogecoin/comments/lvagu9/daily_dogecoin_discussion/,Prestigious-Lion9005,111,2021-03-01 17:24:22,0.99,80,163,<praw.models.reddit.submission.SubmissionFlair object at 0x7fd4923cd1d0>
